"month_last","donation_count","total_volume","month_first","result","age","freq","donation_score","first_time"
4.73379120134458,8.51695016364534,3259.00359616521,11.9584504921104,0,-13.3565392048217,6.81569571929636,154.978476571296,-0.295834118181447
32.6165744645927,39.6755050870338,10889.9931823207,104.149131980114,0,93.4185483792922,-3.28920188270425,3052.1439159775,-0.0935451602891864
-5.31979639199434,1.83504130067908,772.005680810982,35.6467926874691,0,21.1228239448077,13.0877930760917,72.7440693762454,0.192174629225898
-3.53255445292051,1.48266009538487,77.5765674617865,-3.52325711181978,0,26.1853085960869,-3.40399481650017,301.167327460602,1.05002678784022
4.4625026427425,6.91341988367832,2368.60682229541,22.6892053353764,0,-2.687471318266,0.474566098554949,181.738884294052,-0.115016427034441
16.7963616617382,9.62506858940285,736.005997170818,85.987098517372,0,75.0393576588635,10.8713213599537,303.930008463329,-0.232846513175178
28.5258727331253,3.48209083030477,2246.76214189923,104.343801330343,0,79.5520367117473,16.9931409431478,761.583449660687,-0.0272423894139838
9.96879148974864,6.34008578270521,221.930579427862,3.56558288963964,0,-10.2432839771263,4.00359783928148,105.280110918783,0.695557692589286
23.3190656138119,-1.28802541442473,-424.308732237399,15.6320541654768,0,9.65636041738972,0.515891673083011,140.511010974378,1.67655499579446
15.1730795143149,1.70312335247424,1054.0284511864,33.6116935938962,0,7.86188652714645,-1.83818875575236,5.68848802231953,1.39772354117279
3.31194632326537,2.58701933911521,-687.763604418181,-13.0193819509778,0,-1.98410245763737,5.7503763742839,-33.5186062748019,1.17159254404666
18.2272857592768,0.269009809156105,46.5684754955462,3.52074893746294,0,20.3784536726261,-0.660158369040429,-146.433202632504,1.02944423559168
22.786853690748,4.68058495903485,260.2393843917,32.6324212742939,0,-3.78003444075664,-2.50961030938688,-260.323689437152,0.882055437003601
0.385594376511817,7.26058719302508,1958.08958371513,39.337552812927,0,75.420490715292,1.51167434300667,386.742191129344,0.466967724103218
12.6070555098926,3.74368742581627,-581.013712550922,47.2282135830251,0,4.83037104375953,8.85579769069587,47.5481025482205,-0.326632501526356
3.35959890648807,0.965007262574607,-173.296808165904,-8.87724928826501,0,17.746073482363,4.69615480687187,371.168359189019,1.24299881259003
10.6197865229634,-1.45894559759592,-777.575729280866,11.3752908086969,0,-7.0859933297763,3.05667154573794,239.320724220544,1.05881655971342
11.075033642259,5.20656757404731,1769.20419153063,67.5097710530251,0,58.7904077664402,28.5695983483103,35.6376619998084,0.218164725938506
-8.04160370828352,-3.51285449090708,-725.426626430138,45.2033951043536,0,30.0307678244012,10.8918573160322,251.642012589188,0.356992433631384
24.6487807587783,1.61104920835236,-639.946374141848,82.1895518473787,0,41.1995302677168,13.5688777515516,-91.418822230558,-0.00329184511225747
7.12381153270492,-0.0690340538430041,1460.41762137547,57.5841176412555,0,46.8089564692603,15.0737186236779,216.33118907478,0.0511586301996948
13.9287990830752,8.51297374727614,2598.87375892085,84.4168526662415,0,72.4109790163454,6.61669672422306,575.808658314679,-0.704666611291538
8.29671209243684,2.69802943201151,370.656330712723,4.37101172749445,0,25.4251435565094,10.5799117684126,-294.718351125022,-0.0399630272188842
7.37587736656206,-0.953265808973867,363.507492041435,22.4050110617215,0,33.3764026390841,7.64662171461558,272.223629751358,0.21034616994811
12.380171917843,8.7184023193414,2228.49689213392,18.4398115167563,0,22.5347560783699,1.00313184597883,7.3163957901439,0.553545201640443
23.1354590070822,-1.72667655760146,1173.09354862878,18.7981692952507,0,2.35709411525497,-0.998603220233287,-367.681070333268,0.710118593722184
4.50908976688108,3.74017703555409,-549.697075651123,10.808497654036,0,8.27680084419678,11.2426894463729,-234.37653621725,0.0584900806402232
4.57502729937839,3.62782815266223,1610.91121520512,18.7813937247878,0,14.2561270160389,8.21791391697615,-340.235738914013,0.00572844827349082
20.3508977623411,3.88820380162129,629.359201238526,30.4229530696551,0,14.8115243301998,9.51568194444134,-59.6794943833421,0.348823200307104
17.6013143240259,0.522568388415293,526.048115970083,52.0178347034428,0,29.4269929360897,5.4726056636953,215.710478468726,-0.0622847009902852
3.89207446666704,5.25171796186196,2084.9399922815,32.8923844107382,0,35.0055513106179,3.51750253517217,5.95443500312112,-0.00129635343341072
12.9390754303804,14.7782374176521,4620.20967292502,123.374411942439,0,97.4686788861879,7.10214287021323,1094.84875052949,-0.243572272398658
30.5067573565272,-1.87759281225508,1343.39294226384,-0.0575812595381073,0,28.4313708233186,-1.68200668426137,-57.7467319010002,-0.00490013310091438
5.05293707354954,5.40306575573957,1057.84699516413,27.9168373552969,0,23.8281702318608,7.93616586463032,96.2539667978865,-0.293061842494796
16.7806556196847,5.68242406223874,762.239987984769,44.9363569121047,0,2.10583959432966,-0.62431977384691,50.0731474990858,0.960271177777617
17.5797280140571,10.2892057179653,3195.16602897338,34.4578411414933,0,54.9978860849542,-5.67529643261833,498.895446556679,-0.151940343513388
19.1705331455351,1.47251669972353,158.670835539639,12.1036336668941,0,1.13360615328999,-1.4467472833851,-45.7600792602727,-0.0414809572187047
9.3569029325125,6.81948329469129,2409.69720858229,54.5594602125008,0,30.3661660926916,7.63477938670007,204.477333337249,-0.172952820618283
16.7078853728284,9.09541784448544,2356.73265172082,56.2551977957807,0,38.9256469218133,11.2668730469214,687.077311994979,0.420617122320319
11.9877893040388,9.1305970349491,963.910695318069,26.7335905541011,0,7.14919895770119,3.77762168798579,385.030631503584,-0.144592477164926
0.581852998735391,2.94611573391277,599.098201671612,-4.3217247177334,0,-19.388606673826,-4.17739394495755,-168.128283463418,0.991031434453286
2.48763839565635,8.12791688984925,757.207797786597,40.3610111757504,0,22.17767326276,0.692377669066645,105.758944134521,-0.100428956736295
21.8221354996082,6.92105984656744,1034.2216266401,71.6702593120436,0,38.9690657855961,5.29669914446441,285.7727517347,0.180777830440351
0.825480460653021,1.00665769734035,964.904524176847,30.9441678911472,0,29.1315133922479,-0.931298882964096,324.268058515897,0.320577247836551
12.786505551317,9.11225165313411,3720.13976296926,9.32613774088546,0,68.2392058193688,2.61850634519432,476.918230366148,-0.0902419547740566
-4.48669818075073,3.55933266595054,1452.09171475074,67.4428102541726,0,42.5464800829718,2.77437718239798,506.566041262925,-0.259334900794583
31.4758921829616,-0.658469078785334,304.473464410189,40.9540679003282,0,5.00486483973567,7.55599449012006,-60.9812068194846,1.10362959929577
10.3757937939968,1.49982080082583,984.62601664819,4.39575040730849,0,1.22048852614535,5.28334246742671,230.173756868107,0.133990748101187
17.2751156565693,15.4653772726642,3514.95979445697,53.922916694408,0,82.4758383255993,5.06743829289473,703.017691985974,-0.0918458167201564
8.77225673120576,3.90786244280605,394.744751200716,105.822537110459,0,54.4101652827096,19.7583951152015,-50.800782385259,0.172434851028588
13.3934165145395,10.1488716163843,1285.45013433222,39.564055072556,0,44.9363778093926,7.27266624636394,42.7050427097562,0.0514486752924904
21.8294394807382,3.41634066863641,809.511978261461,37.2069053632301,0,11.7593723374594,1.46993784417717,278.962444934719,0.675098044589489
9.48124080377319,3.54634033579126,1078.43253014728,69.0416006775142,0,62.5918772142236,9.85750359379244,106.365932445422,0.154438148159131
17.4716012498866,-2.34147134326434,1318.26214870405,71.833749178971,0,76.8564508465076,15.4466877520033,519.201430076988,-0.302577195898711
8.16842198280864,9.10105533292173,1557.73832602179,41.0029566646449,0,39.2890742079423,3.30349683912508,350.821400368274,0.334526998576142
8.57206848277314,10.7260877389517,159.679226622618,18.5693903257741,0,35.2243684595299,9.02242460165176,-82.5048507769376,0.0946705656363108
12.5273384299002,7.15412226019621,1795.59942343376,-1.2618164953624,0,-0.0743015105107911,1.2535676783389,-25.4614037411908,0.41413274087301
14.0938081295702,-1.57673793565429,2077.67643075647,13.692097277849,0,6.11273925109403,3.05522584613254,-263.483309179803,0.975821458625091
3.53000351671597,1.0297300564665,-464.705602903718,29.6916810538425,0,9.93288007628068,9.55468127276181,68.6340420903382,-0.394578865810685
3.65966203238714,-0.466963488407379,-149.929231282786,9.11711444054532,0,47.4069550580262,3.65773693634168,-700.845647554985,-0.351735576189589
3.40017349015,7.89007971824854,1118.26275937523,67.6322847599149,0,68.9039326687328,7.23446512515547,718.019704745035,0.325225154118111
4.20944334881807,3.784817823641,259.029050201755,10.4941883667724,0,13.3660803975984,-1.42792647797343,63.0748664742105,-0.153546788560195
-2.6253504425039,5.2872403760856,1661.69959417772,6.33825051754864,0,-21.0156767119243,1.59799591616958,192.469776798975,-0.247854141933778
4.65589059607789,11.6208210659067,2648.81729340226,23.6787726219908,0,3.04911327408557,-2.02080971735383,185.845401880436,0.0764930788340564
2.44667350218415,0.534481673272869,581.333860270351,50.7250312429324,0,5.79291608642639,5.13859266764042,348.396202256329,-0.0649769513443713
2.38293625959038,7.14684394205344,399.562275323974,62.3054754446975,0,46.061152537156,9.77273999936934,308.507242221527,-0.270177931722007
19.3864057838584,4.55932592434995,293.072990640106,26.9691202312056,0,-7.68106357671785,-0.613958226295362,-199.34813472493,0.359736078752139
0.870036299145302,12.9445779430036,2433.27031433095,58.6514737563913,0,56.7037598030104,13.8935179375852,320.098010627032,-0.114053008574811
10.8271131659829,4.69684363466796,2991.64391307685,51.6134430875114,0,13.7909685638683,3.24203848068723,284.929387939841,0.0896412205494388
3.43301155429895,7.25152181009863,2367.64224180779,28.4017426496195,0,11.962420677164,-1.49376379862076,-197.685798981466,-0.0882670928264683
6.02641904030335,12.1511378944648,1675.82251106176,22.4545729373641,0,50.0860906659087,6.39385837348093,291.483895733817,-0.0369477372441415
7.21195542543082,1.69273624716553,167.956105133377,9.69909152624074,0,-28.5185668892422,-0.810858787933224,-161.686811543912,0.885527892987653
-0.53711268847126,15.3855350852035,3900.89419104376,98.2522790735998,0,93.0090298729528,10.6820637906938,1002.14056610253,0.0594143111330184
21.7877511303226,2.56603532907562,493.373102918426,19.3134327000993,0,11.6755329331618,0.151371978023341,425.712055659486,1.17736910440229
4.28933294831338,5.64507666828951,1681.70599771535,11.6797370578912,0,24.5329403065792,6.19016784421257,93.9859000838887,0.335536467033727
0.088994403613682,2.44483465429593,-366.060001617352,39.0984005465187,0,23.2163178407242,12.9515008236376,156.407008335114,-0.397892008791338
22.6899318874659,4.54672632338495,218.508877488708,3.38697223892286,0,-5.86362723741841,-1.52768086170103,25.4660998890633,1.05521030442492
7.20890446822405,3.07910506786961,-111.386426940654,-10.2641320705249,0,-0.464156504196285,6.57057385449161,-317.131653375713,-0.0640761055590432
12.2069725465513,1.76868442916443,137.192240150808,103.633559424401,0,59.1706549488568,17.8206770702751,209.833665054164,0.266310976284723
-7.96185579720658,11.0873634198477,3775.55693519453,75.9556389988845,0,58.2581341031388,4.96090810730388,1361.70039534122,0.56227456030806
2.01147339203555,1.90117179983619,726.256302406351,49.3710370924214,0,14.6927105755089,5.50141674620928,411.326451682198,-0.00198657841982851
23.4205527187516,0.947321969118941,246.259437557471,16.7288639552571,0,-2.65849336737309,3.35854931218,-105.012752116691,1.10838091576337
-2.15165648972446,-1.63764396580684,1668.04867854318,39.2811104363354,0,38.1658809146397,8.24142482413042,482.845530966087,0.267179656470586
14.3474605204792,13.836527913951,1663.9628815908,42.5346987235056,0,53.4650697051105,6.41697022632383,792.453689540315,0.384883834461353
12.5719046939689,1.06992725868816,684.411663222664,42.8989567629759,0,11.9448428127763,4.33676934810238,300.43039661812,0.30341176498975
15.6368682766887,-1.06418259016755,1566.60016143014,17.4024967719316,0,-22.0505841411276,2.50193949115747,338.272390328639,0.479241413915782
-2.00527081960126,7.84817477684296,1655.90851170534,3.59241516380207,0,8.75557626526066,0.501709604363551,262.127450830976,-0.292545708968717
16.3904286262369,-3.78089072922215,959.887895783605,27.7561102196344,0,37.2946259014245,4.81176395006868,135.058821395411,-0.0769122775445625
5.58647304409032,3.95099663254732,1621.90655240533,32.3861777680257,0,-7.55242874417791,1.14824751311391,-394.992181804272,1.48034622132878
19.4684928584538,0.0918768243459771,-395.267069836127,27.4239711117109,0,-8.60936990167693,2.11222483061651,139.787206241828,1.03587555353469
7.64163883240327,2.20343512161653,1602.13030815045,10.5363830148355,0,37.6118475359282,-4.82821411727951,15.5019564797085,1.02335132257449
7.26825675261904,7.31805800641227,2059.40310021269,39.0510003930046,0,3.53262740176135,6.5412507732305,-20.0857000800632,0.0249905247967469
11.3385329249773,0.46982233879668,952.621806572718,4.57098326096104,0,13.9273611509232,0.729395659732801,5.4988858611223,0.14998020344331
12.3997823779271,9.13669266177272,3162.03255837835,44.0373522388378,0,34.9858140237654,0.556708966518325,83.6814887915745,0.322445851234962
-1.49829620641262,-5.91142368274557,540.482678503946,-13.1201056179736,0,2.52766680527141,8.19488378440959,265.076273973404,0.25469789872862
21.6121865347366,1.46298941105973,926.859807903184,31.255412317706,0,45.0066722062278,10.0696157885718,81.1024014389714,-0.597377497066856
11.4953714877903,3.00363070963489,-540.24545086898,23.2601313817506,0,10.891682151047,-0.544835055843169,-270.910591396076,0.46782013317792
9.08204224142897,2.33329038475992,740.07693310399,31.7689487837559,0,0.720999733081116,-2.6271540295698,28.7492120409523,0.978642727320787
18.7211917080631,8.35107446009878,2163.84007143687,10.288044088618,0,2.21433145442592,6.87366427747351,-208.269436883825,0.191298374319277
4.19246483247511,1.17060408901996,1629.15907045698,19.2286120263809,0,4.37256526255217,4.45749394052568,-270.611486921114,0.600189542519442
8.98861388840476,3.22397799913586,612.056855565237,18.6753142788741,0,-4.3378507022794,2.55106364143459,-366.671133278479,1.17888369543315
-1.48176539303814,2.19740176171508,428.805361072253,9.51719697403212,0,-3.98043445738942,5.12932938576551,-121.70158379753,-0.264561626672714
13.0016610512339,10.7148372107399,3120.10843434967,49.4312437677313,0,48.0456884499924,4.04644282588465,455.866898960399,0.0655446089266795
2.25582966940841,13.9769940045551,3756.26265340526,74.286460587423,0,86.8345550366626,9.56609198966532,1156.65556121651,-0.000426140963465138
9.11903035510681,12.2254983604975,3724.95283612581,97.077004125458,0,89.9294512224464,10.854164582706,879.678054888288,-0.297332599750205
-1.69428437967113,1.34164744744369,519.225360779311,20.5086090919053,0,11.4776251403277,2.27833030126039,235.550905054495,1.44126889393057
5.02887343008136,0.847326044338365,1485.37540036611,-4.37044646484928,0,-21.9559378577779,1.99658403726268,-234.761707939131,0.181673146629566
16.6795626750226,0.894009807109359,232.131123041501,1.62615360373316,0,9.98620015769926,-7.57193534024481,-188.009398673209,1.72392166825868
15.938437230475,3.06280459154271,578.474961417347,43.4134910179276,0,-7.72138108414831,-1.59639614491221,-218.216523801186,1.18160021179414
11.96434049974,4.78571732286904,1532.47073390423,24.4782334327914,0,30.8747794815467,12.6576084784109,-213.703614540516,-0.0832827231070619
7.88360935867176,3.72588147647254,3651.95996597918,5.06237647156487,0,45.5189123166046,5.46427602204421,30.4358593897274,-0.0330021842403801
15.556447751572,0.233657095504033,464.360640564354,21.2389760940592,0,11.8872096447098,3.20371529248679,-3.43310582853013,-0.138435690207805
11.3901547430641,12.353706089866,2309.0518914779,32.7101237275816,0,25.2025273329676,-3.54835733534756,117.701684502792,-0.324195589506405
11.0569495380366,9.76893934910815,2044.21382173978,64.1740646346688,0,12.4331599791334,5.15566545737666,336.670240997639,-0.548987420393912
8.41956392681214,2.31957244573031,232.173024942356,-7.95272976887215,0,-16.460105031066,-2.27520199629008,200.520741664821,1.00014245409731
15.6416849327724,0.172961400996066,669.259187117708,20.6910510488602,0,10.1305611987204,-1.70825328051803,193.645833591647,1.39052427468055
1.65720676664332,3.6751828058588,1725.20907041239,38.5725369878822,0,10.8527721241789,5.24467266346233,-167.015869880466,0.0982870905543356
17.4099897648791,-0.10684429593217,1118.61296359846,33.6093548717694,0,-1.51971636428061,-0.659611738953182,59.5856244130718,0.920370578223157
13.1901339175233,1.0857940678215,616.589351811628,54.1182741617228,0,43.1113318308463,11.3543667082603,-38.3479157933101,0.20002545029403
21.6891543594403,0.159201521626701,-295.627095558209,34.4886521457122,0,-0.78720688802982,-2.40252947837146,-27.5999991458297,0.0476989470374684
-7.59925967462158,3.99610996816966,1284.52989710539,8.4539208310685,0,-11.5110918370794,-4.20454049611635,7.1395006803027,1.14779758523344
4.7561052796526,3.93530622054559,398.678808975324,7.58397488449978,0,-19.7589966020608,-3.08874171232835,-135.415985613223,1.13025700733177
24.1110359130888,-1.29870114435728,-358.750831439899,31.3980625871296,0,3.57339689606784,-0.0819436449383885,-165.655792696468,0.956942632537923
7.55379736149889,3.55629464637664,41.3570085765788,20.7014439278193,0,17.2073818802181,20.4528649954248,153.751769509155,0.263351215814475
12.6395489400561,1.18319241087143,-114.532394412924,23.0863585333157,0,-12.5116194352629,3.85633407105837,13.272591377646,1.08122906183691
22.3635793134774,2.61089688894761,2139.67879000081,57.5637432313079,0,61.4912555291046,7.93475249450321,90.3993912981195,-0.393961828373161
1.57256961543119,5.14047618863025,402.021209764401,26.9696616796048,0,6.94743007764106,4.47428179778326,-130.00594549469,0.15843730227865
3.93342791982351,0.951740490187426,2385.55998487939,31.9917336103859,0,7.79716767466094,5.22542080157153,323.740448784047,0.499195248471353
15.66437033055,2.70878830266163,1660.92682704387,79.8651570327144,0,76.6320058914453,11.7004764988913,270.18169784095,0.0767600110703339
-4.38367197619111,8.63495372015774,1629.27278370542,16.9406720190891,0,26.2447441985863,3.15513390036742,268.77306021318,0.503220166944246
3.76608221034463,3.57219024836587,1239.75765552064,48.8194585845198,0,40.8561582091497,7.69402461353857,155.409417696955,0.121488851244341
18.9959480167782,1.42880563454712,303.611933070362,44.6957410370589,0,23.6212473291086,4.34257789797092,-135.749671590982,0.137886838739246
29.4634332732941,-2.2816316901651,389.339071090086,24.3829208141479,0,-1.50508733582336,-0.297455991440135,16.7950605843274,0.941157947149582
10.329291049613,5.16970808738486,3013.22545863919,77.0357367274258,0,76.8601324727923,8.68104104429544,691.148518958835,-0.520055546906689
16.4486285434822,9.92634051262711,1366.4741027883,30.5223138946433,0,2.17219324573623,5.41929058513049,424.596467571262,-0.290201912806719
20.1586761935312,6.53922653805741,2467.22002579305,64.7790225674688,0,58.4156905677035,6.75943169201751,362.90465698644,-0.0455404639218493
0.871585045517113,3.43873194622323,1018.56371444597,32.0859274165369,0,21.7226863672781,0.694744595638944,-13.1177522200637,-0.278302552923306
-1.81385148646673,-2.52159939906707,734.88531912629,-17.7503030872741,0,-16.5519563813261,-0.0610127301875941,-263.338440462199,0.603174721528362
9.443120510986,-0.896676743922234,461.448986647488,40.8881004634445,0,26.5546976726839,9.94106776458416,-490.788818087281,-0.0122274467867917
2.54255926955125,8.37495856146096,-138.177860715097,21.4094675821588,0,11.7087019270308,3.51103757684694,144.907296459286,-0.151224328380899
0.509704724496832,4.13812439255692,1478.94235815717,-11.3827220604017,0,26.7832913487046,4.66938305282804,74.7655832543247,0.611417542726195
9.88325548727958,4.04323882234515,78.6807573049317,10.7610904593191,0,-3.28524885853239,2.95768208278204,230.618591400819,0.0277162277328722
11.6219350522729,7.07228004249256,1992.04994831381,46.7024881217351,0,6.51575398908945,5.21714387862613,92.1555051406852,0.113806346736592
9.20469986576772,4.0148365904314,-46.2677243094125,-11.5224818454184,0,11.2033613828094,5.7305750807271,149.592974581629,0.124131433442584
3.324025106884,12.7782437293122,1820.14302809122,63.049006820573,0,46.7547258926061,1.74953904460225,506.643412786953,0.0127020256795936
17.3007243580459,-2.3060013084156,-313.609380404909,5.71143377738159,0,34.4099132685333,2.37152233814443,-245.126914083808,1.16559053945228
22.2806796652721,0.335086086080714,372.489934360538,14.4773490514941,0,30.9972116501273,9.0163410686269,56.3967893473652,0.134503776082163
2.62771557012597,9.9835417586593,1454.92174952641,56.1758472096461,0,61.3399620631983,4.71895646519519,698.27137438225,0.194937831723299
3.36680616088677,6.5461748206076,2343.20485282664,77.1392023765985,0,46.6734296208654,5.7838035245591,348.288573455862,0.251191241037269
4.33558443128495,3.39261388673216,107.11045935947,28.3194018864756,0,31.771548642259,16.0921850801726,66.1898304671566,0.263934972434674
6.7877211539196,14.5915485411997,3728.92805330205,73.1106293577727,0,49.5722830979332,7.60916920431941,1029.51266831443,0.0146253671295936
27.1023424067017,1.9483567742892,966.460054126481,17.9169457278349,0,15.7073392048782,2.21611048707945,-17.3413108019206,-0.31951272365231
11.3820967852067,-0.0843256984992879,-267.956047183828,39.0724947041983,0,0.995091543903605,7.13998376257757,185.438014607529,-0.671181614096665
2.31503840859209,6.39246752225545,2251.68412722858,29.2809287461166,0,15.8106717505839,2.1097546038296,256.886156487079,-0.113675594138719
-0.319693419448343,5.31561505658944,748.313259600647,22.3822128466265,0,-0.738614257921579,9.73983323740302,-112.61036617176,-0.383797290430303
13.4467372085945,3.19777648643589,474.77133732044,62.2375866041622,0,43.6189773148969,19.3801486477317,113.378603898551,-0.0804472067219281
-2.04569202469635,4.38633517700566,-93.8279495395843,51.6702819902777,0,41.1184256455964,5.17213091981565,117.237640579714,-0.0613752997768725
-0.672456646173536,9.29666291142831,1551.20193638083,14.9758930618859,0,21.7784456588288,2.28423067770658,241.777870453772,0.0740429452674369
6.01487879513406,13.3715611561843,1883.29778843023,61.5808116957921,0,42.3631383656183,2.01702338893136,234.29940683604,0.422876925638534
9.85657863909449,11.9831871380018,3559.17804573405,44.4598656466529,0,42.7723855322024,2.63780472255116,530.102711844006,0.429453766444126
6.39350163331913,7.24201013270055,2417.88091957877,105.510404424949,0,50.7835303231735,11.0429315303511,448.202656659453,0.232360099003676
1.05669095912943,2.73444872985393,1312.56883926324,39.2502127402599,0,27.9901921504219,15.6685646333755,125.13564998947,0.0587593860303595
17.674701295401,8.41850671992858,2015.24579883017,22.5098835039881,0,-13.0104691093562,2.91629877225702,157.329812235344,0.106789287546554
4.35348854429551,3.55397412255786,974.639126162616,15.2885359859674,0,19.7908593268189,7.75169501505724,-95.2282806803256,-0.0121064327256853
0.337105596956267,9.06785933517755,940.920782729604,24.9816558503978,0,40.6788713332076,6.5340620563228,-129.732996787227,-0.403047082742399
7.65792598271823,7.32641972080773,550.672638240621,58.9304987104881,0,69.5227691960436,8.42102484562654,185.999573953452,0.492992332303265
29.0922793061586,5.95896650591647,-58.7761254671077,45.8685617685625,0,42.0273713580448,9.73608391112629,-172.540675622788,0.300143025966654
14.2807943055875,22.3895680592537,6022.25694924215,105.985261580824,0,105.294689461223,6.226440093577,2317.46128809637,0.29697775713711
-0.592866973713249,8.28134119061602,1794.98033797559,44.9749400339281,0,43.5380811044402,7.03894513911431,350.456728606315,-0.127941883711816
4.60842727695251,2.40087347034469,905.474581902153,5.88062916532529,0,10.915482293446,6.78388751890005,-69.6602686143832,0.146258843369266
18.9091830201373,1.11086938887287,-543.972282198223,-8.29643089818696,0,-24.7149241571702,1.52559395467876,-39.7575773937481,1.12449029160177
10.1446332119496,8.58979595285655,1775.31464709159,53.785191066464,0,44.0862830747717,3.56626377304391,176.141573905941,-0.396418292131647
12.5569278201685,2.332548333937,477.02694913971,32.5676582037246,0,14.2754934552689,3.16057335235866,101.694584902781,-0.0424972164810559
12.4135773541885,12.338807728448,952.622402686262,11.1081560924589,0,22.718222585851,4.16266190643257,20.7407715820131,0.0955079177299569
11.0912399254254,4.11703931507041,651.269957582687,15.4584994747242,0,-20.3030918168918,-3.72502597012519,-118.411458789677,0.10195529455716
11.9837372566471,5.33685478308378,962.140194695018,53.5355432893912,0,49.5105669386202,5.2306127879699,128.515630289247,-0.15871339288764
3.0611018091211,5.20181648805138,-155.630741181145,33.1809304083939,0,36.1982052617103,18.3268600574612,-62.7802489186698,0.476180826128597
5.16914863006484,1.34414800695229,-112.014254723205,-1.15390654981042,0,36.2819875301158,-0.0205284054649324,-114.168597901654,0.469323773181912
14.8697525340833,17.5171601422806,2303.47614012055,37.2230258803456,0,35.738471695857,3.39598811749666,587.365120953242,0.176115305271233
-7.66483440408524,2.9589225737411,430.557970544869,30.0559479653956,0,24.3715241497112,7.88991689943644,23.9323842931305,-0.162432459267097
23.5999754328015,-0.12833114034663,2624.43321590231,61.8204717989722,0,43.7379663442753,0.468412885382728,520.567325826262,-0.237145868164312
15.777665978894,9.60103686003251,1067.31106150697,36.7797364608871,0,15.2123472145284,1.87929231402906,121.598379401136,-0.328659817342661
24.8807619467096,5.98888752149303,15.3572235788722,32.2661557729371,0,10.5318620398344,7.51752641423018,235.232683677126,-0.165566850048304
10.8465230228272,1.95593990852194,72.4276631364311,57.4048190426196,0,11.9023170681086,7.80990109969312,-0.967078515805753,-0.464942898260737
3.94642209222333,-2.72314403032966,150.581732394983,-11.6791105337934,0,32.5905071802247,0.828766016598625,-455.511272821508,1.1258462385163
4.94303078693987,-3.84283298784593,-10.0273897524086,-4.74396630008791,0,-12.8417893239899,2.02458533049215,3.17197634159024,0.629841736198581
4.91501781736498,7.28985115875342,2166.35476481026,61.9685449683573,0,68.5612347281446,8.16695462827978,717.929078104472,-0.30305212896875
1.40984616510295,-2.84125172325329,313.42607261254,16.1790116627085,0,9.14110381172991,7.03444545522881,8.68615461087617,0.172271366410974
2.8346491573855,-1.1500535780286,822.622807729932,-21.9642028999195,0,-13.7641391783619,-0.319249715339583,-90.1129487248309,1.10309918208948
10.0394840096755,1.43180188648151,725.228755500996,18.213819928095,0,-18.7991275634292,-2.91830126525801,52.8186685121639,1.28791458471637
19.0496784206673,5.25842159795094,1446.95990904922,62.5176259082087,0,9.86972114339478,10.7111148486555,92.7095482468607,0.126900778573957
17.0897043621001,2.83544029457297,1410.70074702299,31.3786437997038,0,-12.0135115465067,3.99722366956236,-160.75289220168,-0.0169571103122932
16.6674991957767,3.67371026214188,1735.43078843402,26.8779838452268,0,-8.23313480883613,9.40458164970396,384.578454380457,0.111302727856552
-1.28360467379354,9.67301889635572,2199.47854542541,67.8228886879727,0,57.2785414768739,4.09055988320665,386.291925909924,-0.384949574766958
9.38677347590125,8.53766586127409,1615.68987487546,64.6615652623879,0,43.7983448808222,11.7830852624238,-120.403580159027,0.0277266025018689
3.09353976241533,3.46961219649161,1395.73893797584,54.1213660862243,0,57.0337916411285,-0.988081058340609,-91.2403165629654,0.0478150312825236
8.41139206555066,1.76490059885443,1050.23342323319,16.4329999928304,0,18.563093035489,-0.563357621767613,167.540680878215,0.197548724030451
45.7289301851017,-3.87208711615347,-555.213543289533,42.9993076570511,0,22.2880713327551,3.62838376302985,282.953915524754,0.988236401491102
22.7021204543376,2.46704928386628,-217.851677112334,-5.92001403789373,0,6.79811046023963,-0.716028539520547,228.804019696258,1.02422207358031
11.3414043436509,3.84129581580691,505.90409597754,20.6370824888759,0,23.4329972347478,4.6015726290217,45.6930591594496,-0.337726726787556
7.16319846719808,7.03817324074201,1630.18605941595,29.8764347645421,0,20.3184436268547,4.67905955993613,260.970645929596,0.138804400821548
3.66170530628942,4.62820857135621,1215.61662451565,39.3858245735314,0,29.5631323404299,4.32654173169231,335.00353736065,-0.481893180140611
2.1654794262694,7.03769943272229,1084.00493812765,30.3225969910118,0,55.4885691514546,7.21032792168345,275.656820449175,0.0516671090260015
77.3362398878427,1.59189794629024,-342.862650036461,58.8850912196119,0,-0.108933965562608,0.65464382403313,6.66146696619084,1.10320528689604
10.3912679697109,1.06214673661679,1248.30674873553,6.39418841753501,0,13.9795480668273,-0.877492257040019,315.365910880096,1.36086809190614
9.45674700798294,4.35548718337638,1343.75578529517,64.0368143655255,0,20.193650235635,5.74590787198162,-302.400658195354,0.234028705085143
-2.00116922554498,4.33148475050325,-574.155830236323,-0.457599477000451,0,13.5799360020333,-1.84115630423582,33.9824853709281,1.25908228952123
15.8589378578143,-0.0711727316848974,-33.7874204293434,5.17711725681111,0,-4.21872028009439,-3.24674334858332,-81.8699880482975,0.545195974453702
20.2334144760562,3.76014011531841,561.573561693426,-12.6359660295822,0,-11.9831298178432,1.48503462996196,-354.559023541186,1.40527521845553
-4.34153901921915,1.43461866533879,799.770811173388,-24.0261545731483,0,-25.9940650489341,3.92427257863134,-140.910861721666,0.889865856368932
24.8908062875154,7.70291402862308,693.948266150161,57.7258858951262,0,39.9027177835131,6.51134087046445,25.6355451773119,0.669535981610012
10.4700412300054,8.87748087523242,1823.8181307301,25.3514724848568,0,33.0219281043259,3.51918252182114,88.9375985083585,-0.170411395632509
17.2093079596458,4.10855422043146,564.017580636456,72.1853534897981,0,35.2447584532682,6.37099748907624,379.837441136669,-0.298157250648067
-0.745285112662768,5.97584836101088,2025.60434552414,16.4963921710119,0,27.4174423453238,6.98089131049275,247.566900164458,0.180478330390869
1.58687614139647,0.669205535762514,315.931874061988,-29.8357549637072,0,0.723676157268942,3.09680159950501,-225.54986053897,0.996939278147872
8.56487607113765,-1.51946918513008,1486.36131735234,46.0100846930277,0,-3.71856298801108,7.45381086902794,165.989500234604,0.318658788432359
23.8002096807885,10.4808239645459,2520.87426122936,30.1868010016223,0,-6.70957297310359,5.42095850105579,290.444391595594,-0.120641725524971
7.90957757449741,4.80846077448627,618.080043313982,16.0707025182282,0,16.1862168807844,10.2712259559987,-204.118663081356,-0.238442402433573
14.9509061451922,-1.02373427034191,63.5315640643451,17.3126031208577,0,-4.22971725043356,1.40664280358921,-50.216863769269,1.19239764071879
16.11111421101,3.00843335833321,-6.38375180577236,33.3555983321699,0,-0.310197845212317,7.74138000949532,363.921325730219,-0.0632202050884312
3.94811065888014,1.63856301422727,-130.401676480062,-16.7822096494049,0,5.64198707681611,-3.3786689740818,102.16111238609,1.27287683033665
10.1821542616522,-1.99028736382062,-353.764981199786,-4.67160375044603,0,-4.26575461771587,6.0578686476542,184.820458972304,1.16259457013847
-10.3297017374263,5.93309582673927,744.125112200281,41.0981579112475,0,31.1636484495648,6.77518235038146,396.666251964621,-0.0575655081019283
16.5525093868751,3.34467092142358,31.3922879747632,18.3055987535181,0,34.4614768342114,6.93100716741727,93.7996378373454,0.0445029072438838
9.83794817559352,5.48462898362205,98.1371643432931,44.3299237403263,0,9.54689656928601,0.120527801467391,144.014565576084,0.093234995882527
-6.67260896195751,3.0687888811095,59.5570966706808,25.3697875331503,0,-11.834341901926,-2.51642776176363,219.342268990797,0.70433765726269
25.7268880230639,-1.62431528675534,965.576886915233,10.3374939846581,0,1.93857209249352,-1.99578290759206,1.90269644608812,0.853444148574
1.9436648875059,-1.86534420006252,331.063529834347,-7.67356145548343,0,19.27240352247,-3.37173997927794,78.03032699426,1.07520613570206
6.15218719294119,1.87185611878259,173.81694089545,-16.2718776479294,0,-21.4584859226129,0.802676061645187,-104.240120861115,0.468539691360077
3.15487231813676,7.52076555258118,1941.89901796156,39.9988635060329,0,-1.32396692510104,-0.724151955348929,-107.049150086881,0.204042058083758
8.97688846730613,4.19489973271022,768.039275700849,17.6516849555768,0,7.32109629191831,4.69161427496737,58.5249605011576,0.123477237224039
20.7334276573611,5.86357323612866,924.117946739837,52.8278635173673,0,47.0685891782448,16.1795883906453,53.7004007067221,0.234339953464065
11.4558761776493,2.88428907368057,548.168200516125,-2.66504170031162,0,40.229015099185,6.07652974522977,175.807722140525,0.115920306264363
-6.20027998506736,10.4397287266173,2968.54379098493,46.1533276383336,0,27.7266469065689,-0.98451951844741,174.487291905027,-0.16489601158248
3.67839410323588,0.296572986078367,1853.0390318966,92.0454036387755,0,62.2325655054501,18.3449059631113,113.585156080218,0.307513382131008
14.4518533215085,6.78730423685827,2096.4015569596,44.1116838870361,0,6.96956429998579,6.2102521856408,-33.0884937152037,-0.274810523186699
17.1737692585963,-0.0849354867392322,1146.13436676014,8.51914260857263,0,-14.0838502081376,5.46848808763516,229.193248440056,0.753367051141117
9.48619921574283,1.77055692545772,967.43569740758,17.1526243044011,0,29.3953677770338,7.75546465369488,-20.9504235323293,0.0791737346814979
12.8822178951807,3.72320882732655,2240.47765140666,46.3995015916478,0,1.92126048893646,2.27235829324601,-72.487868076447,0.427839382260079
25.4018648448526,-1.35003958982706,2098.22432250611,49.4626609047679,0,17.4215947514473,4.44578912327382,46.6088037030857,-0.144773957249576
19.7842132087026,0.737239799723543,1126.80250107691,15.4392436539035,0,-4.77404443696862,0.131725932014309,-98.0287647832022,1.26589594098341
5.88214127174503,1.83885252199298,605.028269201754,51.480859096146,0,20.1575290628999,10.3501008863513,402.368424958121,-0.0458447647041792
-3.90125535393849,-0.89674497031618,-436.385975255876,21.7695301318769,0,21.9015597743099,-2.51694804962832,139.317472963131,1.1228346883332
4.33242469001572,4.53595903230255,1627.33844703859,38.6747904273074,0,59.8521356984458,5.01215736456928,110.222650689209,-0.363190439506779
10.1733589581645,7.28787429234855,633.568273251629,11.2258971533908,0,44.1615476529263,7.02171362633022,129.350913958693,-0.268596715663813
18.5654535426881,-1.3233328905433,681.482002061747,48.1818254639546,0,-4.07674790574619,13.0809694303085,94.3267537699128,0.478696933642548
3.39546982348392,0.431422518415544,-113.314853705991,11.486250177,0,-6.25714507521601,-0.815149274078367,228.468481925688,1.00619443102887
11.3846899626236,-0.52554796146077,2107.99137712587,34.1386844050342,0,44.1055741092967,3.6275208568968,117.021257200466,0.0171622402831097
11.8722644769157,-0.779689472732551,1694.94552941959,54.1605269877467,0,-4.10870187412135,-0.765284961226398,167.464300846175,0.349358776228489
2.78959439407731,0.676662824882455,1136.19454657507,-32.8832574526778,0,4.3013080230097,3.11431210603011,238.606057375762,1.3086498175975
-4.02970191578833,6.07147119645004,989.567862823111,15.8886343649144,0,5.22716557579314,7.16504086036751,429.359367739606,-0.0338164710719907
15.1584395054055,2.46044002267705,1274.65370471967,89.5836455343562,0,44.7273781587429,14.7281896651836,342.668176532252,0.114987796377025
-3.70603179919103,-0.302401923441596,1939.25518316446,43.2851726526355,0,3.67815442165174,14.5928634962072,54.4533850429444,0.0914798099856545
10.9194448481845,1.31050146664599,1197.47723433735,31.3539526130268,0,32.6560404455324,3.84751601510528,285.517812754741,0.0990010351760621
2.4148662119844,6.47465429378443,2408.29473439483,30.0300998298247,0,19.4626584841412,7.25965412984746,196.039027037482,-0.101684935531266
22.5492665156353,4.04660164735315,1289.64034786668,24.7958231730626,0,24.1783299008625,4.84340010233179,43.8266072076874,1.47677238595352
18.8036289016804,-0.163919782424198,855.841815857318,28.630221108367,0,18.7282396120507,1.45277730322803,300.310382127461,0.0343451599829762
1.32274314973528,-0.123838200571747,-1896.98345933209,3.62512138382914,0,9.50078714194253,-0.287678549707166,180.053532352039,0.957219650775414
11.9756041859017,6.60681652984029,532.260258107957,15.9976662991521,0,38.9545299251199,6.13739407030016,54.5570349873097,0.410208252206176
28.5351239150217,0.193574176142091,801.659363072501,42.6436857542121,0,-18.5032298820053,2.78547777066306,-325.8163810088,-0.0943467603979279
14.6209593788567,3.80963272028599,-360.651641672072,-0.806678627617698,0,-8.24872463081846,-1.41207336478506,-20.3841888410463,0.659438899232386
3.43554635266537,4.02822144832781,-102.11819495998,72.9713769062755,0,70.7635950441745,25.6388995683023,454.415768337456,-0.52828994865441
18.0488274416912,4.55398233936429,2598.17111912449,72.4640647654382,0,33.5303211755609,3.75499935009778,264.185004983301,-0.0257023239131919
9.32886630924492,6.21237220126005,-1095.21272727529,41.1573442057512,0,23.5316911820892,9.99516599374464,-387.737092777426,-0.15034056036283
25.5257514665936,5.09912078035088,904.139797535857,7.96238115400388,0,-9.16580622724907,3.66670706081011,112.789653385474,-0.0546058281831812
-0.833757109022038,3.7112304866528,1072.44800619031,13.1659312536123,0,-9.16373983217211,1.34586123651024,-76.3559341791372,0.0190355088637384
18.5126253682146,-1.38638512113145,-184.61103419453,12.379055380145,0,8.25940478951162,3.91761886355673,-22.646048180707,1.54808036561825
14.7587686382288,8.96936344044716,2541.80546255497,105.8430776751,0,76.2660118821053,6.33091508658857,706.82677694986,0.163242256052243
6.84195185873196,5.14898549498375,785.952339456969,34.6096284832034,0,60.6331174830235,12.3698951728142,-111.725752086968,-0.0499113406702247
14.7483017343157,4.51048026958364,1663.01538778041,42.0974699642234,0,32.4762723558563,7.81476941480251,186.341005062571,0.322151227682246
6.43293946124769,6.05242470092183,2831.8580556357,12.5664876518014,0,38.7999846031704,-4.43205352131428,378.137847336548,-0.0777352998256729
24.43822115465,3.62275647668132,646.753906959399,66.6372708632373,0,24.3046710818499,7.78711842095534,75.0983400325437,0.13203488711905
-5.29033665658163,11.0376920146446,2420.5872445745,55.0699760878335,0,38.0404552940934,6.24875170812406,346.717417962789,0.294064687668394
3.67905052163074,0.940130740968514,1915.82737076092,80.8247796678656,0,71.3687236479299,23.6002162524508,182.944092753409,-0.0234842642115651
18.1391993942853,3.37194448432051,1440.30341651079,50.2930044983758,0,26.0583748347208,8.92096833828061,52.723370308544,-0.481059689323903
5.1324023886377,-2.22637730774158,1237.98739076737,4.92610501876364,0,6.7017563929212,-2.25847778191275,369.15678570645,0.875238196325351
-0.898522457001029,7.30834803853252,1568.59091415185,38.370889306782,0,18.596959018347,9.43413331350582,268.400958002151,0.471383652386474
11.7393102353537,0.650224081571166,634.804643768233,19.7956220099613,0,10.4764900637183,1.03389286329703,61.6823246379993,0.946174227871915
9.45849100145861,8.91107806374799,2582.19468889989,49.6134967315051,0,43.8755971703231,2.98348568808924,591.896148149201,0.287495380694843
-2.48475439133327,0.357166750114749,9.4889237038733,10.9492657160603,0,-5.62837191354607,1.44164072748879,-181.289387961093,1.11198207426556
4.36256160406142,8.12740412947263,1960.89639650367,41.2338418873347,0,49.1890557832488,4.2404881441157,666.477736442853,0.0176809378288912
-2.52978016826122,8.30046396925967,2734.30571480388,51.234301365843,0,44.3708536164698,4.09060459603563,64.4030834292322,-0.664164533051166
2.10975901160981,3.27754604085953,204.049046038072,-10.0194273225937,0,11.0940680239081,8.83711753282682,-37.8933307144524,0.181202526769541
2.52193801139752,0.506523483252999,877.428941774946,0.189699583139883,0,21.6712543267233,0.25058488905902,103.860113125563,0.847075577579764
4.78088003205675,5.51774245058408,3324.3378491917,50.4402193214991,0,56.1389823585099,3.79294784913565,684.293944455478,-0.0937319244525222
8.68484030363327,-1.36741098939992,-225.346337373237,25.9881991705638,0,21.7488903689604,1.29586640816645,-78.0188813236251,-0.13498072078418
-1.77346613944687,5.0139396767713,-262.516710883594,18.0161780941311,0,17.1166558986448,1.76011652560442,335.132864620142,0.458356278907494
0.533332006908628,0.926078944056019,-296.11193138624,-6.17268607219751,0,19.1439181232701,1.35803689467285,323.766646616307,0.69741758743322
3.71660822392915,-1.18974829550166,-786.931689921801,1.84874703474151,0,-0.826604899287068,-1.67910549555098,-144.430514904363,-0.680828714573475
20.6432731632193,5.84026477583364,1166.57211056327,49.5204807570788,0,-3.21437795400798,6.12062109426177,223.223937426087,0.138229604540671
15.733704973693,9.00853230815874,3142.40552517489,75.1371617519576,0,81.2377611935328,10.7970098131725,931.414533165805,0.194484530624113
14.9315467226587,-0.323720503454511,-133.415747318974,13.6966818216202,0,-13.9775999816674,2.66685794764353,-379.018752481725,0.952763356157123
5.10113639244201,3.31097062233712,1646.19077629339,-8.00564278968992,0,11.7260730810188,-1.24079991725832,-78.8168934936375,-0.0580119551743166
3.43440313874451,6.01486053180198,386.041815923308,-17.0059663970802,0,-13.1696482061841,0.357418904124852,190.10624068131,1.4123227973928
19.4180934270063,4.6083901649103,-119.03418936096,13.8219313370773,0,8.72248528418309,5.02791457789248,97.81991483377,-0.547510274290213
24.6310135569602,6.28954624499111,562.180588305163,38.7464619635505,0,8.50874259902356,7.88105451512146,-13.2785401640685,-0.272601856673424
11.0409520877343,6.12920776333295,1361.27372474445,13.5406874846403,0,17.676668420861,4.07886171007659,-56.9513036879882,0.186944311684467
8.91257847642248,8.22892284479377,1207.02460718826,33.4023169967989,0,7.14553447544241,-1.01693025159786,260.459531401347,0.0977849325031991
13.600195919292,7.41013104350358,2539.59512359092,79.8610948241778,0,59.6963025953501,6.34742360263894,1026.43805068304,0.327897692899828
1.88353595459645,12.6324797618681,3304.27016219907,51.2570070559579,0,48.6559580202982,6.71181267855437,152.989440190245,-0.203243988164232
14.8378603611742,12.7691750714043,2250.50931153325,27.9507394484985,0,-4.45071325104439,4.34581216592401,1.68068063800213,-0.40535205610717
18.3496343327735,4.96613629031135,1606.15405325139,44.8815212555429,0,32.1454525235823,12.3536400365509,574.126116713745,0.23604713639153
3.52061408252347,0.194037661939543,762.553597195331,-24.6153481575782,0,-4.06148797494932,-2.76103703429864,98.4903802405816,1.45681409385554
21.2584934434927,-0.54222168636802,337.227538097411,1.13652745791208,0,-8.63586971053852,-1.88833503500887,-41.0434270448871,0.985708538128056
8.38888944445968,10.9156345375119,3343.32602504528,97.1195203402237,1,87.2713924824463,8.24949888953635,789.658523882237,-0.192172046141594
12.3470792205993,13.7342633443166,2853.64195570591,107.512339737243,1,60.3280177551521,8.37157776423171,886.552627866779,-0.0239345577551374
12.7015863377242,1.20768907500929,874.049434715126,39.5231272153966,1,-14.2132065519765,-2.14775856857482,-534.593090294584,1.18766311605538
5.45641756698592,-3.64685057291597,2244.8364322577,41.0008943833754,1,33.6863712054176,6.955478101932,1270.20939164887,0.264926948350538
-0.287619083090215,10.0333651572111,-3302.6835176875,-2.37879242504592,1,5.88008974442348,-1.94674347415561,632.625761818486,0.589616969661319
9.57566964513259,11.6269741773632,3748.90306671328,-1.78944340076543,1,26.1356429706611,3.31967156382319,204.371174462301,-0.125819283076581
3.12460710317071,15.5091266528314,1548.10084423059,22.3530292975915,1,-3.85782279002252,3.47160826944581,30.8060830351097,-0.327732899030796
21.5281539730759,-0.147321985198515,716.516696215648,11.7983348017357,1,-4.78614784376752,0.418287500908881,-375.623288897939,1.23383429367756
6.51142129988894,14.8745310417856,-165.008883789209,70.6371181170604,1,45.3152056025454,8.77372820101172,201.22109182247,0.364815418980397
-7.4096328457362,12.10942602588,3279.55984173244,79.877875201748,1,60.1342903638098,7.59798899705452,785.371436486951,0.245394560727175
0.906269754730671,48.21955119772,11601.4240505961,94.3732999204952,1,104.516277095323,2.42114808671566,4819.48660481248,0.0167501676197709
-1.50824952624874,10.0271619899531,3751.49054964883,62.4681274265413,1,48.120913129388,4.59626964251228,849.860811488804,-0.327501797420366
2.18548519508459,-0.976556927484918,1337.0142471445,5.60130198978962,1,18.0108243862707,-0.786982934072875,303.871672930796,-0.0958965554619649
5.22953130624228,17.937620941585,3265.78464064835,65.7843645953217,1,34.9961720366687,3.35753022329021,1218.68446845567,-0.291507468972486
5.26724827011811,9.16356718446197,1560.57283504829,11.6202603175206,1,1.79187497289337,7.46798575476204,199.036790885398,0.304346660502
-2.20728038077918,15.4537578451436,2433.58462395563,29.4128008510834,1,33.0290047531066,1.4321954712157,359.456844852235,-0.258517388955445
14.4504322712844,11.3619657263856,1405.15810548113,40.1138885129631,1,42.9029237083795,4.09658460647609,108.944985848959,0.135545093781979
1.49915067095093,47.3722533465135,10514.4402456019,102.508087634166,1,113.956886685623,-2.34675502509218,4358.48706746424,-0.0687483591404098
-5.85490729282583,14.2282235644149,2904.56843783739,41.1991177217374,1,-11.4679740196647,-1.8493983801545,-56.3578876435785,-0.294920116993557
-1.9292875109154,22.5107682469114,2662.97500334932,31.3095434740449,1,62.0295767581255,6.8805961249086,408.706862088871,-0.0482650400714533
-2.72055977630392,5.87565473557666,3162.16924655929,37.7891073407156,1,2.02885154966027,5.60631341998767,686.755523752971,0.42774083661177
0.605763393592105,9.77540327337016,3366.75135009304,47.687555743226,1,16.6825499119422,4.04330623611378,239.376971123733,0.353153498864437
6.56793856923421,5.96226184581241,407.467393509466,1.4137128061866,1,7.83100625741,5.39012646097373,80.8688093231041,-0.361539173089204
-2.01598931877025,6.2022825392292,2754.43798578134,44.0028965432431,1,17.6867987532191,2.15863956519937,58.9884730499251,-0.263441295465854
3.25471592989961,1.92466235526748,1381.16038114252,31.2681731132836,1,26.3396283291497,7.06660278899979,315.571698811365,-0.20495210394003
2.14214960394225,0.724198096706782,3537.2618932912,25.867361458764,1,-7.28187055355439,4.09832919424082,-237.193474561451,0.22249079514717
1.55028203874888,7.3963494163232,-233.521252673628,18.0441124719684,1,-10.0331996975922,0.61469857317923,450.912596509767,-0.0917352582796594
3.95276869234186,15.0580788727785,1308.78218808436,-3.01850210713952,1,14.145240213531,2.65111203022648,175.727667960257,-0.0278369236347084
0.759971055185033,22.4314836106348,4967.55463087699,64.9156521957514,1,23.9014408087482,4.16915210008463,780.275718806646,0.153507740254395
4.64370291022419,40.7295016080199,10745.7707773637,92.8488860345459,1,99.2537156036381,-0.939008547387546,3835.41951153948,-0.160531033363311
16.6243990213338,8.8447654929741,1757.53947247527,65.7206509563684,1,26.689742845478,3.97803342348759,465.254438055266,0.0784786690250002
7.26812629234702,15.6868120545388,1990.17526982849,10.4634719334291,1,27.9075484311913,4.18735023017458,-13.3874399488572,0.0735501564206301
3.50144248019083,49.7174674192545,9540.78874807896,106.473478569512,1,84.0974881377344,0.192548092515234,4589.40992130285,-0.0209861275160763
0.513931615927079,18.5279823150946,4689.79300082938,32.4109360851193,1,20.7858355815367,4.22131537311765,1510.23392647192,0.293831581230075
5.09866345578113,16.9997545537354,2054.58169902242,43.2065892568415,1,27.5842959075673,1.35866720711721,653.585449130587,-0.105649426856744
-0.820437089330754,11.8311984654851,1220.91874996895,61.4374441572817,1,44.5087047085343,7.29740644878649,-235.503494948874,-0.00545447125882472
3.80047277034029,12.1823459097799,-222.615468074845,16.1752532940708,1,23.9863520757956,0.875723449952146,461.111906229462,-0.191580909481306
3.69019612871456,4.07756279193808,256.641332178189,12.7049744278057,1,23.5180114811221,0.784117922514402,289.03661293565,-0.0847066003617558
4.51709227177579,17.2075842713535,8001.80524782689,37.2073819908897,1,59.9467381436944,0.260441418369576,787.714927550905,-0.314215231394341
2.72047179394704,4.61862954098871,1185.88548995213,49.7827930587204,1,17.3435150863529,5.4164876803582,835.967113154378,0.0528416955425915
10.0582392823786,0.153866563319719,4130.22144160585,57.4258547644538,1,37.3026104568328,2.73056004731888,117.727266403535,0.32555260503527
-1.00804128534865,7.182651374401,460.572726962721,65.4293658892745,1,91.0711199545626,24.6936407142263,-192.497204237733,-0.278587248014214
13.4900912632177,6.49840575395606,1088.84265122165,61.3493243654589,1,45.806423702678,4.43466198513212,693.430034957593,-0.194237626405102
13.0213345824891,34.8697794101604,10868.9519141338,124.71159738028,1,95.9188956426507,0.535163569276458,4386.10493710176,-0.00949680887107974
3.90101787169572,-3.23007760354327,1339.92777517577,10.1945315711581,1,29.4527961822698,2.36752287101473,-550.650479025143,-0.377909843389352
0.489291801164675,7.84111357321468,381.004165493359,11.9824417106398,1,31.0498938859048,4.694846073731,-128.978351391517,-0.130909018104429
-0.165516706038132,9.86706384904687,2293.17177335625,25.6195489379336,1,-0.152529540560469,3.9036494867347,-245.849618428422,-0.078102660550407
3.62440429010686,8.7885525743492,862.838186054445,37.7715362952383,1,54.5879712348009,4.07240384134912,-172.108087754136,-0.228649840863565
8.80281745897073,2.56097120420244,4060.76744290726,37.4076912364062,1,78.3412915065464,3.40001167518123,707.250669266565,-0.0460633191001991
-2.53748478016614,-2.58359856295797,-721.335353859717,2.20482011766888,1,0.214277593588894,2.71063990800549,-23.1563746286856,1.17301462032176
10.6360633657289,15.6096127841815,-1764.47682229132,-10.8046314860082,1,16.5681553475418,-2.81142094149346,943.467263535812,1.04809701330009
4.95714884965746,7.84972943657583,2026.95802410567,-6.65862056352527,1,-12.6660300623295,-0.0785197271645149,264.548155564064,0.939169620503862
3.53820552654292,5.53772979769557,1838.61369067202,3.25101344378034,1,-9.23552605088885,2.55457483267941,618.729307013401,-0.0665702332072506
-2.03244887296849,3.4875835179281,-147.370760264641,15.5082791434829,1,11.106865009398,4.95627654173023,508.749437614078,-0.359048367522127
9.68463028691123,9.75432568977804,1072.73492051103,-9.63505854974317,1,8.38823854931336,2.90055784198525,250.105904415458,-0.105965555987003
-1.64528514674668,14.7651178571061,2748.954257861,49.9638787505525,1,66.4177822765298,5.35424244891333,517.804851388534,0.0303809470421446
4.6570470888166,2.96117122604247,1835.48528013743,44.4742629904371,1,38.5372776419856,10.3735153164813,747.400979712748,0.0760152265984159
7.67917191394692,2.40417461674312,955.210366299443,18.7342149484238,1,18.0708948745526,7.47618090273117,230.116871916661,-0.134040775210656
2.26669932105552,10.690983534166,2992.51920444552,69.1898125688207,1,97.7823837843993,4.03276542585505,578.108430444759,0.21435041534714
8.98053056854655,8.13169239521772,2172.41510053415,36.2941081207131,1,30.073987492439,6.39405058047585,540.004736909171,0.248708477902882
13.1953218739399,23.6227763820577,5384.58728727304,51.0875494804762,1,65.7213889027195,3.14807575695546,1215.72675620033,0.0148770443240503
6.78185052665259,-9.48530811229395,-1151.63929322093,1.52096678560564,1,-2.14857592737158,-0.127281646666287,244.149162779423,0.73630274811944
5.34960936422504,15.2872162362881,4460.10289782619,38.943189274724,1,13.4768876972193,2.23850883666663,377.216357201662,-0.215253877460418
-1.47552729809242,1.8574205898001,-1337.12821666003,-16.3318759903927,1,6.91931155721269,2.07199006251455,533.69591412496,1.06709286920833
9.74019550632019,5.97871473912581,-621.809706749845,36.697854595485,1,6.17810942141134,10.113443424123,58.0873247136487,0.091814698233685
1.85142276717903,4.08370553443708,-30.1911386369,9.02988190249106,1,4.79761804039699,1.23764369218132,-101.067560797373,1.07261659028191
22.3853102913417,-2.11783718066499,143.265343862116,-7.64106204346046,1,-18.3328690196802,-0.949672984360764,674.941498369984,1.26019113129133
2.39029439535744,5.66082542883585,2989.3544802473,20.7914606862724,1,31.7723841235871,3.81505856414351,595.577328456733,-0.00498034568904685
1.40240004705107,-3.78995748171077,-66.2713872414489,15.1657045085908,1,-0.944936410609126,0.575031456342029,-263.67765072097,0.777899106782096
9.05221669995388,8.70197564681897,1368.8818534165,15.2493387067535,1,0.139748447776004,6.6950008259716,80.4861370869769,0.251374289517797
8.94160814495935,6.02310109993829,495.206404061692,-13.7643549706758,1,1.88272101737038,-0.205223370698255,-145.259908423093,-0.182028091054979
1.1384531991192,14.2313529186662,5900.96469147063,92.157883435637,1,78.2574040670377,4.04176296571776,1067.89542063987,0.0248830707092878
9.56841270375466,2.55700768830802,564.995961096698,34.4147581955624,1,34.5188194768857,8.50306426939672,-611.922524357974,0.111785672703686
1.99985451141626,-1.04807171262581,1198.45806130813,38.7785312720063,1,22.4788370647366,5.20541674014929,626.810137869977,-0.0273295456073478
9.85214539569399,9.84915718320026,31.9206010022779,47.0949999366844,1,46.1286317161878,5.52603804661679,-426.023426075028,0.0845836406346161
4.08731007996891,-0.434322805487597,-1597.06339144819,19.1716440686728,1,-4.02855598911754,-2.91370726860976,308.803257813268,-0.00699180880561844
6.00818771796851,12.1727621653779,3531.86436702331,101.756693580162,1,115.132365392619,7.89804972229589,763.345355979191,-0.234154907835005
8.59237288631352,10.3172181856869,1133.83006898697,29.544851068902,1,25.1580698812013,2.21645530767573,-621.578739137719,-0.136295572191188
1.16125375164901,6.41978601270348,-1853.87318772221,15.9188606633348,1,-2.18642867708143,-0.783488833605274,-397.617642382133,0.859307319291741
3.40305479855471,4.93925556171,1153.19312767328,40.3542467071151,1,42.6230109060969,-0.696895574966243,542.930034777359,0.149659076218309
5.10713181010208,2.59980111946081,2111.0787087118,37.7380040930675,1,35.7240804175985,6.42007844020796,653.513690145578,0.239547120323095
3.50328657260968,15.1615566042966,1626.2187586572,56.6345801638159,1,28.6910440942209,8.0779183181879,633.732893854842,-0.373375123847932
-0.272993549595008,12.6985248859497,2964.97847168689,36.5891099868585,1,42.855292982454,4.91191887010947,-405.947827411698,-0.291096346114006
15.1410004152142,17.4847421515656,-709.331212969575,47.1296518088564,1,7.62916881343915,1.25106781084724,385.14398343045,0.0337614649282981
9.64711784883739,2.3296361458338,1469.56979332719,31.4293799453781,1,21.3176120251503,3.28555762610141,343.346381274854,0.203701761761597
4.44697677159369,4.73434637426768,893.756658446958,27.1602559976437,1,5.00714825675979,2.34363254693969,174.182164445059,-0.143759316731272
4.0119702219572,0.645345147970364,428.336102802633,27.1140474002065,1,34.2752461316935,7.19778111126239,-355.335134627634,-0.00072576054903971
-7.7735563818066,7.67791998798468,669.715209567816,-0.849739652675902,1,8.04289411685215,7.13365112508892,-456.554237166098,0.0356376825269653
14.0545806591713,8.37439152406736,-139.644241880576,35.6574415114551,1,26.0635661431193,9.02358076061567,613.832895936761,-0.314954817334511
5.08244540512834,12.1950398829387,4191.91416930082,33.3580625997695,1,39.882684487942,4.28199522958379,369.926085979578,0.130674318783245
19.1543438543104,8.99733644192144,876.591809594691,10.1614340197478,1,-4.30046815211615,-2.29154693014016,343.269418454741,0.651434581902423
9.38728433476606,18.6095935221585,3070.93690928348,63.690767822752,1,92.0826840627821,2.73615509270734,877.944584203858,0.245043719879262
3.06951087824869,-5.87758643059963,757.190677273654,-5.95688761250512,1,-31.8930547472824,3.15764970469062,-105.585907032371,1.23213985561344
2.55521379697105,1.74070083843711,259.810873246446,59.9164585643534,1,55.1328292048935,23.6728839403637,-820.130227847864,-0.257081086325591
7.24425295258785,10.879459142504,2776.36437207492,14.5178134813521,1,22.9967119417963,-1.99248798608955,615.816608576034,-0.255508486037673
1.55588584352219,3.02777779088166,4747.63806309263,27.4241446369201,1,48.174851246229,3.12729849826902,1474.55783515597,0.124162782556383
1.84158419165266,21.5360556353883,4570.25533764242,25.1962065421243,1,46.4888840543741,2.68683282158534,1563.73577373816,0.0620749420280399
14.6673946260556,-1.08787387984261,-43.3347997967219,-10.5075051734324,1,6.8055899546055,-2.79940234174645,130.378541345381,0.97712375601305
6.19003014607094,19.9824043768116,8637.91249699452,28.3158417409948,1,14.8281976690357,5.76837623236518,1137.41523728478,-0.167756275254464
-2.34169712500935,-1.28598615698136,1098.77109876491,15.4338942088368,1,3.12882402806735,3.30592440239565,461.787787745323,0.0237900944265512
-1.03124535168453,13.7592381947251,1815.61922125032,45.3486928929957,1,45.2985033739103,2.84030000937712,715.218186749578,-0.0372867997010529
4.62012563065872,14.2972601783303,3659.52505137677,47.2402687658449,1,45.054835147823,1.63775393717255,1100.95312891349,0.0113914343567273
16.5996286329772,4.81225116561352,559.499427645146,68.6316202037967,1,26.9350375774338,8.64466948894482,23.5725097171375,0.269834840332077
4.3746850260287,8.77338976027393,-1238.30353358674,43.9826590637998,1,36.7277866898573,9.80321192598478,-428.493189340184,-0.0902595323926227
5.82557886528806,11.1261099477878,2641.46732249827,40.8700234105085,1,2.6889959068052,1.85419662421502,614.959444411732,-0.168015487535205
12.8325992183656,10.5116631386708,3330.58248390102,36.6840351683072,1,43.8091570430333,7.16953117995778,631.09058595683,-0.108493805440126
2.51491578201125,0.910444684850451,527.209113016798,38.4599146939637,1,7.01477711961706,7.09586292755916,628.918762372464,-0.0597593329253387
6.75062185870206,15.8714398778288,4248.09541155172,58.8766732013905,1,53.4032302716406,6.69062030115882,141.911160550094,-0.133597123308251
18.4655567856893,6.216562614704,400.791126871862,20.7824822248948,1,5.14458353628451,-3.47825039217875,-320.539902661296,1.07120437111501
13.5882837230543,8.36854353561429,3287.2541340182,50.2059478941439,1,30.3785102512533,3.04870951725848,174.626694137041,0.300775438075514
0.660144286979401,6.6907075875456,1960.41548546985,7.83042461743647,1,23.8731723877879,6.00389435725391,1008.78470742105,0.281168517681327
13.3939947741993,4.35884420966243,1113.82155344363,3.25144655499414,1,16.6375690281619,0.730434365808831,-239.096563016635,0.0986128536677383
13.6065582639778,6.6267900600678,-108.189543808803,22.7162402520935,1,-1.2680690179508,5.32692310578632,-348.166521846759,-0.051702372041046
2.3691715108582,16.5146759902363,5832.91639228244,82.2745908341786,1,73.3872451021273,5.38819066309182,2252.92818101361,-0.299857040857071
2.16545459476982,11.9727697229293,1538.14517966802,18.2412913746595,1,12.0015626096785,4.27174489556432,214.735860117656,-0.204312136939482
3.05459915711411,8.36215114865022,3706.43432499749,14.1436507795575,1,40.4539986117954,1.98760386631384,88.6828619379818,-0.247851871528676
3.98502575876165,-7.79451459031063,-15.6405249459647,52.7989742038899,1,64.2935494493139,24.3336848786008,-240.683749151927,-0.0125635022997607
1.3377217018011,2.7379535196956,749.558566885193,24.972793236808,1,41.3828075252165,6.46867094324617,558.340925021467,0.405024930982873
-1.01520530239597,4.97772215117239,1819.30000845262,58.4991555926972,1,53.1454638520989,3.41234194574797,1100.49160223755,-0.290759285272676
6.05773220533026,7.51236412823742,633.847915455537,26.3579399263024,1,20.5323839154004,1.47867714693641,-501.466554545396,-0.245313885957678
11.1577818628393,-1.99705245362498,1787.61003599218,19.1297241887985,1,13.9537912284935,-1.65635063232775,79.065472125797,-0.0503940342074046
26.8866200391477,2.97126614907467,2942.16893829535,54.8259428625009,1,32.5791502810151,4.85955899170625,461.306700896302,-0.0773030747085656
6.53847691966625,0.880281056462118,1325.62930991989,6.29623607083606,1,-29.7752448948956,4.06542809634663,507.394775360275,-0.116430512556545
19.764164458192,7.67450712930016,-2195.46717480496,26.6986442639216,1,-8.65633315505851,3.51504670076857,-219.277387400422,0.791467310338275
9.25531299371822,12.5777635915256,3350.22950787138,36.0116161411764,1,38.6086305736371,2.21952421686495,-868.494946873162,0.183591082383624
3.90812551076397,45.5744461614787,13330.7519204705,100.607542262812,1,91.0005757494886,4.21748566559791,4195.83642522017,0.0401987692104203
10.2431346184122,4.60485042125291,2379.68335703931,72.7722762597624,1,44.4869141484379,6.31005260231606,497.736798418415,-0.316519206607241
16.5549121539906,11.4037435993109,-1573.47065894987,77.3532769768701,1,68.4284204014725,9.69928175736322,895.962555541455,-0.0612978450251818
-2.46581471259404,1.49159675579969,1020.45203584979,-1.66666756658198,1,0.918739448043161,1.59707821705013,-633.877867091669,0.0231588995810686
16.3759989931553,-9.31733165282032,19.1066309087132,19.1502486208228,1,-5.10159010747888,-0.245884293057679,-218.671378370348,0.168356640898316
7.4178981044456,13.5394544640283,2208.3330725856,86.6619900107091,1,66.1506881832743,8.01805545458898,576.773429129345,-0.302520339724264
1.99438260738833,5.26287580386237,-329.966051842304,22.2888068956909,1,-11.0674952857803,5.71490037073614,-157.342872419495,0.354717727378044
9.37773171422067,3.88906317691858,887.371973093974,17.6014929949978,1,10.3408660121691,5.433925734644,550.469524968515,-0.333898582973658
27.245202304862,1.74732796299708,425.236658838676,34.8506850983507,1,7.22420130595814,-1.52944354201957,-566.533891583058,0.993423126228057
-7.06769753474771,3.43055215827399,148.323019480735,63.6575561701524,1,47.5438403608403,4.84599287907332,112.183215693168,-0.178424894398536
-3.6438357194708,11.6743278390274,694.819024917523,21.5943701377471,1,17.0090092887135,3.31136395634755,-492.359655808291,-0.169171706775244
6.8540550442505,16.5450710870586,3352.94243025809,94.1108685509734,1,105.28664726673,1.46164993289763,867.375578265945,-0.150354045919931
5.30597725847194,8.6179398601053,1004.1657904499,3.11652866258244,1,5.76585268784703,1.11302324025964,465.522863975433,0.87728216780502
9.24448662549276,14.4668144172995,532.122442193724,40.1844248331117,1,-6.86195755557087,6.64252255800481,-46.3690336450504,-0.129642154543378
2.72089824278452,-1.39616227522918,1818.97324336579,-13.3310153660137,1,-0.983774023073784,3.48413825630776,150.579802248337,-0.165760155867638
8.23512664607892,46.7099237219075,12563.2854664189,113.171832408085,1,99.7952939021861,5.85494819872114,4359.06997992277,-0.262782335646391
-4.64732894920767,7.3074201174109,-2316.3830373632,60.0579370567072,1,25.5828511548993,3.04417067120784,683.591450059887,-0.0291698065965718
0.388373093475263,18.1846624733899,3863.10451778912,63.2587925547431,1,74.1825765482531,4.65347977554673,403.672208909364,-0.422844866798698
2.56288738463963,11.3195298535998,1255.48932492987,42.2238827309547,1,23.3436214498283,1.64267724971505,257.437457191887,0.177875768347786
0.344555333175226,5.82165112217405,1670.07303488452,29.8202661541668,1,22.7413113310796,1.96806130331445,-150.528065948052,-0.103303486238361
1.27648364735197,15.4435668834635,3952.69124476662,40.4300099974158,1,24.0167553145636,2.44368443386659,746.114223347216,-0.225921979350179
6.99108661113129,8.57514874213144,6125.95488602394,69.6346759524361,1,77.6254897035436,1.99257856484267,683.769326807042,-0.151640578649488
0.173813986047311,0.804820209392552,251.831885931233,-3.53679308293498,1,13.5888048481008,4.37794516792336,530.312674863297,-0.337457711894217
-1.2748752861751,6.32032754977759,2284.70837478847,32.4981885789772,1,18.935100572002,4.17522839542861,-255.261070427553,-0.366670361864912
-0.275593266178414,23.0593352065293,3480.87752090332,52.1550272525815,1,86.9397193316128,1.75407602232384,568.729270967353,0.10706118598899
17.0949134758008,3.41910781682159,1522.19467399986,35.3188136909396,1,26.449176634587,5.14963460570462,633.410418653306,-0.0576995801776248
-0.599162629243372,5.1307707035506,488.003812392192,23.8210081991933,1,77.8604738142043,9.53410454376143,690.501390414635,-0.162665517068827
5.11759476366988,1.23798452740844,1007.90216694928,3.64342027246761,1,21.2351474071241,5.03674692752048,209.954547735232,0.428019266551214
3.11520831381365,6.8512557341346,-753.066469878278,87.4191179554799,1,75.8254090109869,22.0795660406762,21.3705876831812,0.0705059038839685
22.3469978764271,3.41843831035832,2869.3283018691,6.52450164743222,1,7.25332227897337,0.218846665183851,-89.3230591922956,1.22149142621153
-3.27632258099761,5.10991422517131,2420.74403731121,12.0528097858962,1,-10.4396936444148,-0.542161952787396,-23.4842948120237,0.260626144861175
-4.48692452945288,10.2531956564731,884.321206313834,41.2383738672572,1,57.729067418483,7.10489543316403,-479.074548984521,-0.0594556777569226
4.48024491210845,2.22743666682336,-815.072687814341,-9.39480996479089,1,52.69840792447,2.35886759032153,109.307206731957,-0.0687528252301316
9.93109207532249,16.4125877021677,2918.75505859744,102.042005358676,1,92.2296750574546,11.6148308609649,1563.15661880711,0.129270693411472
7.20343768821651,7.08103469709517,1639.53255847,22.5926518149654,1,4.34392205166639,3.12698301066574,-163.916075202864,0.398365233949539
1.61460345001257,8.71592231704686,-983.550654398719,8.45439068982499,1,16.6667554043265,0.939345807590116,-227.511506225192,0.202349618416849
6.30689196891195,15.302215475947,2555.40817872691,41.6039035028126,1,41.339563025516,3.91250331552567,1168.77535368457,0.277031826782731
10.54198943051,5.2076901122525,1585.83950136619,3.89554163380417,1,-9.76485854464419,-5.1197648865006,-204.014639318713,1.05666050182164
7.96706272512314,9.50611957387878,3388.62609665218,42.161624722065,1,48.7446467158756,6.1267973911763,1059.51046619232,0.408119665742783
9.18240024492263,10.0880888499495,1984.71590973803,20.0711878826016,1,17.9769052250808,-2.08429380946197,74.6734872040487,-0.277028896404307
-2.02769537843208,0.48329529055288,573.951736331029,0.529093778670733,1,-52.8701691667501,-0.882219797246181,65.7990885851447,1.00913714424471
8.50645883737883,10.2681962443469,165.118971795345,62.8321774854826,1,27.1709366270274,8.14409389846743,534.872004549306,-0.0860679690133494
1.07008128898671,10.8066213043175,1116.70686112557,32.1644877329433,1,23.8976007909001,2.95475285323269,639.847721683646,0.163003541636806
4.15774254749606,0.491697485763956,-8.6584913326048,2.56176207602944,1,18.3043520622795,0.739476257544255,522.353425288643,-0.00558311109392909
7.48838191810765,4.74654488785635,1644.68883082632,23.5845931383341,1,-8.92392716467435,1.76338932007569,105.922757769567,0.081882457198974
2.41015158780314,6.37163091889775,3273.89184991272,42.4179941819131,1,9.81997984548366,4.32259288368948,544.202860539196,0.294386840403357
14.3236836384517,1.15205543037301,215.706190446495,13.9602076178604,1,23.5604129158116,-1.7314765833593,634.579615418031,0.00689075441135186
3.70500623078974,-5.20706604283254,2762.64707545855,53.3974433862418,1,50.9136172507615,5.97625999603343,374.647381394417,-0.214014677351131
0.992551372986329,-2.64844097454027,-2962.35523070154,1.68579731368204,1,-20.4428284924852,-2.42094639618378,653.444491490889,1.19450167307661
6.07864414368695,18.2033074988656,3610.08061351476,94.2026616865139,1,96.1813255513609,4.33733655737822,1633.43153242396,-0.195632082734878
6.57179594781221,23.363721884959,4822.82615849398,39.8993046592461,1,22.6459562512183,5.73970767475761,262.794350058669,-0.253964925375587
5.34626410730763,1.29028770900158,4607.4865667952,23.7246991471833,1,50.4604377541185,0.0247722855926145,658.316692217274,-0.118217555169459
4.70993773496053,7.7562784611039,2775.73680676825,68.9669185645457,1,26.9023654204323,9.31610352006674,-252.605784860686,-0.199091382559504
18.7881087395503,0.392963682625102,1169.4035182618,30.1863494787194,1,-3.31491599017766,0.668031510079729,251.971841581916,0.172742633052897
-1.3505082032482,4.99584667091691,1741.18339263672,-4.38889490445182,1,23.7923625998767,2.33802484645769,-442.26310658599,-0.0900707784539191
3.78587627281875,13.6053691697157,1903.78273310196,-1.11697329413498,1,7.8501474311246,5.31046263110391,99.5870526694831,-0.0680007596287212
6.19157828619771,-3.76606943493275,-1121.43345917751,11.4699119495641,1,6.37715578267895,0.266081908068683,291.577205520403,1.1351837139727
1.98620832271761,11.5008534576174,3274.70751806474,77.7307182978895,1,104.424721871067,4.24019456034124,1182.33989520447,-0.348043415849491
4.42959261878358,12.846820421705,3074.71117168119,76.0989741301493,1,41.0157746184294,5.81998898863985,37.2128146206126,0.0846259267972443
11.2883914051366,-4.22014114842846,-961.269065768342,42.3995763838449,1,9.23434892235336,0.304331028709148,-28.3854624757861,0.0466816181986706
7.5067906414709,-3.71848034023721,710.178954271473,53.6270648293232,1,39.4130412567688,10.4303993757602,-136.360047155652,0.00238069520110213
-4.25745918454471,5.14925491492686,4165.48365786288,27.9898757893341,1,35.8561973352155,8.72421592178737,799.148161875504,0.236071824320591
3.12269007899272,11.1950726806808,2036.71621938294,33.1427234128209,1,54.1674606447383,4.83440147449921,190.599600780816,0.322146467789555
17.4636733274717,-5.60413172567625,-1061.13089634458,13.7191462243644,1,-16.8013867843531,0.611072511951629,-603.478110097198,1.18341878518265
5.86726974606736,-0.286672831516891,515.293012320775,37.3321523505702,1,35.5910248198102,5.61951080860789,-171.755312381574,0.286362355196907
6.88123710319783,7.26459033291122,2970.93683870453,26.067723754713,1,12.6889013490523,-0.0829226808145869,799.010628375031,0.278804236355249
1.74856872790252,43.4562653484779,11507.5011855255,96.7836359664779,1,97.4228003322685,4.6341197653758,5171.60790929114,-0.157135842476429
13.616667564858,8.53752177181623,2218.71639638107,12.7813515345545,1,1.80113848704831,3.66242499203837,-304.160971481079,-0.0621170082790126
4.90149114441491,-2.81611036441382,237.301834987873,81.9203899992363,1,43.2149941504377,6.38397873947313,-271.717514203336,0.208307854992273
3.37129795780456,1.27306558003047,1125.39591764415,29.7277061839917,1,59.9088973744606,4.6358383675739,369.723492154718,0.117994360034864
12.8378019149493,9.20105333501389,1267.97831523368,56.3298714212781,1,46.9549512850456,3.43065852687356,-273.830491024863,-0.0646290141270551
11.0523899592293,27.9278170381441,7577.35697408338,92.4083316612473,1,115.751050628011,2.90909641158387,3037.94756434166,0.149977180242129
0.0775174813265811,18.9659542337156,4326.73658184621,33.4393891457291,1,40.5012262305266,0.46484198210098,567.994644974312,-0.123467974466149
-1.6849853253148,-1.99621387970844,-3160.41129767521,0.663769929924145,1,-4.31938679123914,-1.79353176976029,-155.10654188274,-0.181302617274155
8.4751775963025,5.14059474846453,-1066.62513593797,-17.1953179047488,1,-1.51480048414082,2.14553624011641,181.503835789928,-0.0760467583372906
4.43291220667718,5.15487151467874,1556.93839590817,14.5680039218378,1,15.1004063284229,0.869985778045553,301.703548303863,0.105644508862436
6.43746033100204,11.8136955888474,3905.88182541339,47.8561821912261,1,73.7755888087472,4.7769183639101,459.877268097079,-0.0263131621890109
7.73054303376404,4.73878393397661,-416.790925410482,45.9595465535637,1,24.9010144503702,7.77577795657306,-611.053841864685,0.141349725798996
2.56391131857499,16.9444047276256,1236.72819580259,32.8125274529928,1,29.1014289421693,2.99275227746087,360.832834747993,0.0576957129544998
9.59211828798038,21.6592077280971,3566.72773345522,4.25027930613833,1,16.1280505654543,1.01239786381889,321.507836841654,-0.0598148372194929
0.759345132905712,7.96461410873292,978.650365329644,24.0315559960954,1,44.3658968223082,7.27745627533616,687.729664658619,-0.128825665621764
5.1510505659264,-4.29291993477654,1180.25876570166,1.47850606097171,1,7.04163367205954,6.75720377806015,229.346804380285,0.0473174736177688
-5.84721201111693,4.38822046550319,561.609711182074,20.1444627688921,1,24.9249143878699,-1.35118150008572,-105.422298087302,-0.0920703519525623
6.02575845443797,5.54868791284031,565.138073150678,34.8732613449742,1,1.19168813745645,-0.0025175083291331,882.222589284607,0.652197960413282
-2.71003226658652,1.39017074368857,113.680127948967,14.5093876116938,1,-13.9537692368898,2.18093375598202,194.259524386308,1.13893800677537
3.62649136743352,16.1426945027867,56.3531918372553,32.6910215759151,1,43.4947920120145,3.29286534297872,-216.512103348236,-0.016436786352643
8.4139403973256,13.563527366361,-176.745535041785,22.6262934021178,1,-3.13080782319604,1.12851206457713,-24.2734027894934,0.887025369838441
4.49611413776589,0.243714786011131,-1123.60425372739,11.7738784158866,1,-0.470542613767925,2.89719592693635,-384.109241015061,0.00200982291875961
2.06525611763648,-0.583531816239773,921.045700868091,42.5619484192193,1,12.8141662313352,4.43883064738263,-281.601765301955,-0.0964030065820338
0.575878691814342,26.4174750947172,7140.83299855188,50.9820213626349,1,80.9941378028991,3.37794583609755,1148.49047557393,0.233935452536899
4.03510022224763,18.8914478614059,1575.17728973592,45.631682102061,1,64.9312982698734,3.56381992698995,525.912924103593,-0.0978358126594763
3.69497223116794,17.8846951417301,2468.04685943008,39.1753704298533,1,27.6973604768732,0.347139008058083,709.799851302188,0.0908536645151057
13.8237434156026,2.98748359502653,-150.178013477551,3.9737628312841,1,32.9783555824355,-1.30080432275975,680.868410419551,0.0878077194592942
18.7299748882001,4.00608071974576,1640.1369588058,54.5919915965289,1,9.80180486755861,0.270091878106649,199.104153123398,-0.00232560421367708
2.64644286315839,6.12659193810574,1807.95074012083,28.9684087329604,1,15.0161178173456,8.67822187212438,123.010950967688,0.273734136373962
3.46988664115329,45.4818731982031,12295.2557528225,91.7525548257997,1,90.9638492391488,5.90004954387538,3649.37535296872,-0.204121466455332
1.36476034165949,3.79996424203055,1691.07603356354,34.6192795159674,1,-2.78663320212113,1.2796464529557,376.365829884434,0.251996869444334
-1.36636777451901,-1.97319062471163,-308.339457417998,0.963404945551349,1,13.2359576648284,-3.19821122053517,-417.124672730364,0.973281194841707
0.875156988899885,7.27017365754856,3181.1158962966,19.3594064617346,1,18.8544483312202,3.69621029211128,-145.717166153775,0.0862635480850494
1.92348386274132,9.48979776391826,2504.58560542001,57.4467346516696,1,42.9793818333578,0.822961021768323,-229.946484394188,-0.401249011449625
10.9636166757858,-0.372545646916204,2623.49505398629,25.7734033519689,1,41.9598230637885,9.34344091569893,483.15317150022,-0.38594603447318
2.30535054708989,7.48475174915091,1536.34596782142,27.9409439107118,1,18.3844860006732,5.2439915333541,405.10405293425,0.345068617181845
1.38455205241343,3.13666236089536,627.123307720437,-4.56392751585653,1,9.50031239579596,1.09546758870981,-699.768866502544,1.05781146644302
13.6421083190063,0.590957726868546,101.439316880869,13.3054397166916,1,-25.6174088839903,0.751916719639061,313.532264881431,0.104255187524341
3.70397242295026,1.01501059720381,646.180380217146,7.24170738654081,1,-1.10651147685605,3.31880307524686,-483.038325143844,0.131975985833036
7.67072601053752,8.14117995971769,3137.81470893646,20.3567275153675,1,40.5507938369033,2.48892183139001,335.441999184848,0.0650041846466268
10.6292281572917,52.7842126270589,12528.5635513729,65.3325706503198,1,71.9518213963832,4.01231511938036,4065.3216836041,-0.29516133111885
1.76888020939432,9.33602825806736,4182.71363465974,38.9254870842188,1,-6.74687132490222,0.842028698028866,26.4061735217448,-0.0551889985518385
22.9767541671297,2.30522189417369,1883.50125033772,59.0047929646617,1,18.4246266286896,1.61040576268785,357.544592419691,0.067194390558399
6.46729985753682,12.9455432171739,1926.04716964285,0.933406282892587,1,7.82931657095877,2.65888800742795,-76.7342124581639,0.287361895259162
0.0739240380092712,-4.34360802326808,936.858245897486,3.71719822402072,1,12.3026144352352,5.79130242312583,585.608307991589,-0.291950722389315
9.05878759671934,13.4588187632197,1520.00058126818,33.613043283592,1,5.50025373487136,3.95771213489719,519.958424235337,-0.509053239539836
0.126389304403134,2.55366278102124,2589.9665349326,46.5195712473438,1,36.2323232665248,5.36043394743548,551.614195065887,-0.250443631647797
5.04233210005434,10.246471287182,566.664550026681,24.97768234747,1,45.4611734521894,3.92293745797537,-513.899919048589,-0.277356199267747
7.54848739939143,10.1704848534546,2056.17943899192,33.9516975860436,1,48.3150252285463,4.50137349358415,226.946953387224,0.217666507167028
4.38000151664328,4.32261198400881,2277.54183826876,1.31427869203625,1,23.2258745133922,0.97616852287554,-711.910151697669,-0.124527772019588
2.05525232546732,-0.499196479940564,1735.37356812582,25.3184220490957,1,29.0540768510763,4.73820225498337,-43.4041260800793,-0.334570196838433
6.17309871932427,2.75140749151603,-282.915978808737,21.2203793227993,1,2.78127479891477,-0.0725083460220769,-100.955677571244,1.04034631999736
7.60737447646224,-0.893329056604127,2188.88301446919,55.9670878185029,1,48.4530377728299,7.83306320752305,130.85999602464,0.0988517095398662
-0.912181472460916,11.5270476783686,2137.39868628329,31.0447636995478,1,38.6248182036591,2.92477928075693,281.431673279951,-0.00575549911012439
6.09150771675248,3.68007192382347,161.852658346844,30.3094057719371,1,13.4295225694145,8.44435813793243,66.3360504031532,0.20631110886093
6.52540479137484,11.7090371160664,967.08459420289,29.276292904406,1,23.8071263575188,1.810607676374,-393.826593107509,0.174489193775948
2.19094195590599,13.2121793665843,-1016.97864565553,55.7672052077269,1,35.049709908175,4.38837760956159,-87.9749138593255,-0.146418318828367
3.7899652285276,0.535259314273087,132.227430521849,23.4755756367449,1,45.8535469067676,4.18519605530832,-192.156376734585,0.0422254959472489
1.75033299482121,9.8183617706683,2455.97417385877,71.5625709286739,1,67.4753989745719,3.93913556915842,978.123582311949,-0.185171763671854
4.37081518581843,7.64086901289707,1018.67208670472,41.2493588200951,1,37.063320491715,6.56521723157072,814.310377486317,0.334492802479142
5.72707557770739,11.1740741194401,1623.88856067978,20.6593969561788,1,10.0793398602459,1.97504595470548,-178.157751402961,-0.14264864781484
1.47972480642191,13.1791621220836,795.843411689073,65.5072626617916,1,45.6715273943393,7.31420317009146,-489.710439575724,0.190190224260241
1.47064609718597,7.13856367916727,1827.63507140622,-19.4502683210984,1,-2.81288048837519,0.9630250732105,-148.509666430982,0.969642386880893
9.69108629042899,2.38528644378833,1037.14240282419,15.1442650927858,1,23.9122386642416,0.357797078040183,-406.361594798132,-0.159175104056607
1.13123513763887,22.8808842083583,4018.38937528889,71.5178250650908,1,65.1826388408956,4.42568670113474,1518.06403339071,-0.00795817117070856
-5.36120991995294,6.38960691947788,-533.024020860915,-9.64398566002282,1,-14.1897034417601,1.92258219401212,-29.5570206622761,0.114452150485519
13.567953858851,14.8411401733358,257.130920883709,93.6573077812705,1,83.3362486673272,11.3893568455149,714.658155163177,-0.0447429235361218
7.75834294272083,2.77494142508282,498.338554661072,45.0659676991201,1,34.5245177888422,5.71794808803819,795.711085804763,0.0430873504980017
1.76559437794764,11.357036450253,1235.08020488326,-9.56421289778406,1,4.84839179446197,-2.04516115801799,-103.963714877139,0.949812489660682
-2.33011197834638,16.4079501117975,2244.48526197218,56.064933414807,1,54.7734196827571,7.10268169216713,-249.140494018324,0.11221062055645
0.050694980839312,11.9456935215078,-832.323610407493,18.9294964195506,1,37.6005797904715,4.88095502287337,-53.6564704036592,0.474540155258339
-2.70768953729288,-1.12761055101294,1922.49724050782,18.7448681619711,1,7.64957798752413,2.34957311970684,184.833740932023,0.160036750221583
-3.0903228149206,10.7390661339772,3963.52864997832,51.8840669539777,1,58.4501941078893,4.23202513780492,620.66989004989,-0.0453871752402077
5.15480213606913,5.66718002471675,2926.89285068614,35.2401440409908,1,3.23605961659598,0.0597667207185992,104.032118980895,-0.114654769800728
10.013743910444,4.36479629776973,1561.19793336435,30.2497388212121,1,48.3565876858504,3.23468742279057,-167.545028636976,0.267597623574643
4.29404367967088,4.27017757473182,2587.04848397223,58.2521262625085,1,37.4771198793613,5.18857913301333,73.4481797434347,0.124283681571218
-0.123305957798708,-1.37608577060968,1089.80117186704,10.0920508768764,1,15.6957643556898,8.7129002339118,306.311118325685,0.0658125254724812
-2.88667218929853,4.58507856387582,-1696.70347061047,13.5576058580802,1,31.5842882523725,6.61827710966112,1069.03050226605,-0.115803477542666
-0.000268899968050462,11.85805166366,2757.03336700603,21.0621845556499,1,-1.24078490318156,3.15908730358402,507.74804751912,0.386850539094524
-0.683889294304584,-0.801157564329471,-569.462647535553,23.1180894766445,1,2.54452454798481,0.167704286947148,917.670799811068,0.0706779056704871
-1.15688982011369,6.23206901836082,6609.03634824341,43.3010595747452,1,55.385738211926,4.72576015962909,456.658895842251,-0.110950066739786
